id,schedule_id,date,marked_by,created_at,updated_at
6529d538-9307-468f-a7a2-f32cce737a85,b7101e83-8512-4eea-ba50-0686b187a905,2026-04-16,18ff905f-48ee-4ef2-a2e5-2852d4860ced,2026-04-16T12:21:57.176522+00:00,2026-04-16T12:21:57.176522+00:00
fdf893b6-55b6-4d00-b19e-a32be2ff0311,55b5f9b2-f007-4bf5-93b9-d8bfaec755e6,2026-04-16,18ff905f-48ee-4ef2-a2e5-2852d4860ced,2026-04-16T12:22:17.487864+00:00,2026-04-16T12:22:17.487864+00:00
7a8afe78-d2d5-4031-8ab4-2aa6b641d37c,02e11ceb-483a-441c-a9e1-239b96c76e56,2026-04-16,18ff905f-48ee-4ef2-a2e5-2852d4860ced,2026-04-16T12:22:36.718659+00:00,2026-04-16T12:22:36.718659+00:00
7ee2b83a-21d7-4686-98b2-8529642a5d68,4efa0cd2-4403-4252-9ec3-cf57bc61d453,2026-04-18,df369b8b-7453-4969-bdf4-ea74471a2c2a,2026-04-18T02:20:09.03946+00:00,2026-04-18T02:26:38.135117+00:00
7dea18aa-7c6a-4ba0-b5fa-f472e6361353,b881bedb-f002-4da1-9afd-8a957d1621db,2026-04-13,18c67897-7c11-4254-b0b0-3a8bca680565,2026-04-13T10:58:31.427365+00:00,2026-04-13T11:00:35.804138+00:00
1cd2103f-2642-4409-9966-7e3e24461e95,117532fd-4ea7-49a1-b705-46004ac95c42,2026-04-13,18c67897-7c11-4254-b0b0-3a8bca680565,2026-04-13T10:57:21.173323+00:00,2026-04-13T11:01:02.255851+00:00
41bf23a1-b090-4f2f-946f-2a0123766b71,9484c1dc-9cf9-41c0-93a9-69caf5b4d577,2026-04-13,c04060ad-7320-4502-8af9-65ed61f04c2f,2026-04-13T12:37:49.685098+00:00,2026-04-13T12:37:49.685098+00:00
ab35a119-03f0-47d2-9f77-5d81afaba41d,99160670-dda2-46de-9c30-47989504d715,2026-04-12,18ff905f-48ee-4ef2-a2e5-2852d4860ced,2026-04-13T12:44:35.383759+00:00,2026-04-13T12:44:35.383759+00:00
2039036e-82ee-404f-9041-92c28bb79bab,b7101e83-8512-4eea-ba50-0686b187a905,2026-04-16,df369b8b-7453-4969-bdf4-ea74471a2c2a,2026-04-18T02:24:18.092984+00:00,2026-04-18T02:27:17.837931+00:00
b75be932-2834-4ec5-a8a0-9a4f14a0169e,55b5f9b2-f007-4bf5-93b9-d8bfaec755e6,2026-04-16,df369b8b-7453-4969-bdf4-ea74471a2c2a,2026-04-18T02:24:59.885682+00:00,2026-04-18T02:27:31.565401+00:00
90db8bb2-3a6e-441d-8478-59f6c6f2d67c,117532fd-4ea7-49a1-b705-46004ac95c42,2026-04-13,18ff905f-48ee-4ef2-a2e5-2852d4860ced,2026-04-13T13:14:30.546722+00:00,2026-04-13T13:14:30.546722+00:00
938ccc2c-7497-4f6e-a5c6-1f5e669633c3,9484c1dc-9cf9-41c0-93a9-69caf5b4d577,2026-04-13,f7668803-b5c4-4e1f-8d25-22aa97ae8a6b,2026-04-13T13:13:03.191858+00:00,2026-04-13T13:39:05.721611+00:00
c71c0563-c7dd-4657-9c19-5874f3fb4c5c,b881bedb-f002-4da1-9afd-8a957d1621db,2026-04-13,f7668803-b5c4-4e1f-8d25-22aa97ae8a6b,2026-04-13T13:39:47.81181+00:00,2026-04-13T13:39:47.81181+00:00
8e548d66-54ed-423a-b4d2-011ec922faf4,b881bedb-f002-4da1-9afd-8a957d1621db,2026-04-13,c04060ad-7320-4502-8af9-65ed61f04c2f,2026-04-13T13:46:12.601192+00:00,2026-04-13T13:46:12.601192+00:00
aa866fd7-bd68-4815-ac3b-53dae2c79793,b881bedb-f002-4da1-9afd-8a957d1621db,2026-04-13,18ff905f-48ee-4ef2-a2e5-2852d4860ced,2026-04-13T14:02:12.6621+00:00,2026-04-13T14:02:12.6621+00:00
5f6e48ac-57c0-4a5c-a681-f2a154cb369b,02e11ceb-483a-441c-a9e1-239b96c76e56,2026-04-16,df369b8b-7453-4969-bdf4-ea74471a2c2a,2026-04-18T02:27:47.818982+00:00,2026-04-18T02:27:47.818982+00:00
021f373b-daed-4579-8c1c-bc2d1467ae3e,117532fd-4ea7-49a1-b705-46004ac95c42,2026-04-13,64854628-9637-4e3b-8405-56ae05096763,2026-04-14T05:34:58.880696+00:00,2026-04-14T05:35:28.90371+00:00
5629b2d8-8a0d-44f4-a047-a578bdab5118,b881bedb-f002-4da1-9afd-8a957d1621db,2026-04-13,64854628-9637-4e3b-8405-56ae05096763,2026-04-14T05:35:52.854975+00:00,2026-04-14T05:35:52.854975+00:00
14c91677-a8f2-4c13-9715-7696d8469869,e6eff2c2-c42d-4277-91a1-b6bc20d06bfa,2026-04-15,df369b8b-7453-4969-bdf4-ea74471a2c2a,2026-04-18T02:28:33.593837+00:00,2026-04-18T02:28:33.593837+00:00
35c8b736-bff6-421b-99fe-07b5feff2a6e,d30dbf75-3c52-4cb3-989b-ed153a052d23,2026-04-15,df369b8b-7453-4969-bdf4-ea74471a2c2a,2026-04-18T02:28:49.187585+00:00,2026-04-18T02:28:49.187585+00:00
b069d097-c26a-4f44-af8c-2890c888bee0,4efa0cd2-4403-4252-9ec3-cf57bc61d453,2026-04-18,18ff905f-48ee-4ef2-a2e5-2852d4860ced,2026-04-18T05:32:02.616292+00:00,2026-04-18T05:32:02.616292+00:00
46a9d606-a3c2-4ade-a20b-c57d0fd0ee72,d94eb7e5-8931-4c45-88e6-4255cc33cbe6,2026-04-18,18ff905f-48ee-4ef2-a2e5-2852d4860ced,2026-04-18T05:32:18.839895+00:00,2026-04-18T05:32:18.839895+00:00
5e7c8325-ad8d-44bd-a367-98e58f041246,dee6b79f-8bc5-4d09-a308-f057afc5ccc4,2026-04-14,64854628-9637-4e3b-8405-56ae05096763,2026-04-14T06:16:53.363923+00:00,2026-04-14T06:16:53.363923+00:00
3a3ee07a-44b9-429c-801e-04bde814f034,d659c1b0-3a5a-46d3-921b-5ac3ef53f170,2026-04-14,64854628-9637-4e3b-8405-56ae05096763,2026-04-14T06:16:25.848035+00:00,2026-04-14T06:19:02.683955+00:00
de38859f-e99e-4854-aabf-dbe57b27f684,bb071d70-f7c6-44cc-b42d-a5f5e1171607,2026-04-14,64854628-9637-4e3b-8405-56ae05096763,2026-04-14T09:42:39.285713+00:00,2026-04-14T09:42:39.285713+00:00
b48b3576-563a-447e-914c-157fca3b27a4,d94eb7e5-8931-4c45-88e6-4255cc33cbe6,2026-04-18,df369b8b-7453-4969-bdf4-ea74471a2c2a,2026-04-18T05:44:14.316417+00:00,2026-04-18T05:44:14.316417+00:00
1f8c1076-937f-4e85-b0a9-11e0e4abff92,4efa0cd2-4403-4252-9ec3-cf57bc61d453,2026-04-18,18c67897-7c11-4254-b0b0-3a8bca680565,2026-04-18T06:13:10.104678+00:00,2026-04-18T06:13:10.104678+00:00
1d502eb0-67ec-41e5-8bfd-b41432c998a6,dee6b79f-8bc5-4d09-a308-f057afc5ccc4,2026-04-14,18c67897-7c11-4254-b0b0-3a8bca680565,2026-04-14T12:53:57.671048+00:00,2026-04-14T12:53:57.671048+00:00
7d8655ba-ab62-4ff8-8eb7-57b4fdcf4ef7,d659c1b0-3a5a-46d3-921b-5ac3ef53f170,2026-04-14,18c67897-7c11-4254-b0b0-3a8bca680565,2026-04-14T12:54:25.185114+00:00,2026-04-14T12:54:25.185114+00:00
46f8c90f-d857-45fa-981d-32cb7cc64f7c,bb071d70-f7c6-44cc-b42d-a5f5e1171607,2026-04-14,18c67897-7c11-4254-b0b0-3a8bca680565,2026-04-14T12:54:41.556107+00:00,2026-04-14T12:54:41.556107+00:00
cfb67d30-b18f-4b6d-8ef5-0afcb5744c57,d94eb7e5-8931-4c45-88e6-4255cc33cbe6,2026-04-18,18c67897-7c11-4254-b0b0-3a8bca680565,2026-04-18T06:13:18.376291+00:00,2026-04-18T06:13:18.376291+00:00
08ddbad3-5c20-4571-ae34-3737def0984e,bb071d70-f7c6-44cc-b42d-a5f5e1171607,2026-04-14,fadf0a2b-e0dc-44ba-ac50-4bfdedb5954c,2026-04-14T10:56:06.118779+00:00,2026-04-14T15:03:35.180782+00:00
66b1c75e-f60a-4346-ac2a-d57387652cf9,d659c1b0-3a5a-46d3-921b-5ac3ef53f170,2026-04-14,fadf0a2b-e0dc-44ba-ac50-4bfdedb5954c,2026-04-14T10:55:44.591739+00:00,2026-04-14T15:03:54.940459+00:00
01f14f13-2923-4fe1-9e3e-6ea9f512c554,950b2537-83ff-448b-b4ee-a065b0c0a4d6,2026-04-18,18ff905f-48ee-4ef2-a2e5-2852d4860ced,2026-04-18T09:08:58.591419+00:00,2026-04-18T09:08:58.591419+00:00
d1d2065b-3e76-4a7b-8a5f-cba7211fc721,dee6b79f-8bc5-4d09-a308-f057afc5ccc4,2026-04-14,fadf0a2b-e0dc-44ba-ac50-4bfdedb5954c,2026-04-14T09:35:17.566334+00:00,2026-04-14T15:06:51.375943+00:00
1693a76e-2420-44a7-aefb-431fa5d97b46,a7723192-a744-4772-a411-4ccdb705c0a4,2026-04-15,18ff905f-48ee-4ef2-a2e5-2852d4860ced,2026-04-15T02:42:29.503687+00:00,2026-04-15T02:44:59.220245+00:00
4a1576d3-376d-4a41-8e86-625b05356022,a7723192-a744-4772-a411-4ccdb705c0a4,2026-04-15,fadf0a2b-e0dc-44ba-ac50-4bfdedb5954c,2026-04-15T04:36:36.203345+00:00,2026-04-15T04:36:36.203345+00:00
1d567506-1fff-4271-854c-575557ab67af,e6eff2c2-c42d-4277-91a1-b6bc20d06bfa,2026-04-15,fadf0a2b-e0dc-44ba-ac50-4bfdedb5954c,2026-04-15T04:38:12.363941+00:00,2026-04-15T04:38:12.363941+00:00
d4aa9268-3598-4e8d-b70c-4e9525e80fc8,a7723192-a744-4772-a411-4ccdb705c0a4,2026-04-15,1d728c79-a31e-495f-8180-5cbf56a28fe9,2026-04-15T04:57:20.783351+00:00,2026-04-15T04:57:20.783351+00:00
dbc86a44-7fbb-4bfa-af4f-9894d59ba300,e6eff2c2-c42d-4277-91a1-b6bc20d06bfa,2026-04-15,18ff905f-48ee-4ef2-a2e5-2852d4860ced,2026-04-15T05:08:13.302989+00:00,2026-04-15T05:08:13.302989+00:00
fda5b5ea-968f-43e7-9a89-991c387201ba,a7723192-a744-4772-a411-4ccdb705c0a4,2026-04-15,18c67897-7c11-4254-b0b0-3a8bca680565,2026-04-15T05:23:55.197165+00:00,2026-04-15T05:23:55.197165+00:00
982e353d-6254-44c8-9715-dda10b56f744,e6eff2c2-c42d-4277-91a1-b6bc20d06bfa,2026-04-15,18c67897-7c11-4254-b0b0-3a8bca680565,2026-04-15T05:24:13.195772+00:00,2026-04-15T05:24:13.195772+00:00
0a5d2b5a-f70a-4766-9e29-86e3a0d352e4,a7723192-a744-4772-a411-4ccdb705c0a4,2026-04-15,c04060ad-7320-4502-8af9-65ed61f04c2f,2026-04-15T05:25:02.500857+00:00,2026-04-15T05:25:02.500857+00:00
c5d3c7c8-8c60-4766-b617-d2a59e4b47ac,e6eff2c2-c42d-4277-91a1-b6bc20d06bfa,2026-04-15,c04060ad-7320-4502-8af9-65ed61f04c2f,2026-04-15T05:25:39.218337+00:00,2026-04-15T05:25:39.218337+00:00
78b1e7d3-0041-4f54-89f0-13409b0ccba2,a7723192-a744-4772-a411-4ccdb705c0a4,2026-04-15,64854628-9637-4e3b-8405-56ae05096763,2026-04-15T05:38:56.643771+00:00,2026-04-15T05:38:56.643771+00:00
4436b3c1-9a27-4684-9491-e8dc1104fc8b,e6eff2c2-c42d-4277-91a1-b6bc20d06bfa,2026-04-15,64854628-9637-4e3b-8405-56ae05096763,2026-04-15T09:13:06.649326+00:00,2026-04-15T09:13:06.649326+00:00
7fa0ac54-beca-46ba-9772-e0e153562f75,d30dbf75-3c52-4cb3-989b-ed153a052d23,2026-04-15,64854628-9637-4e3b-8405-56ae05096763,2026-04-15T09:13:22.793516+00:00,2026-04-15T09:13:22.793516+00:00
2b99828a-1580-4a3c-b6c4-d92d52959fe3,d30dbf75-3c52-4cb3-989b-ed153a052d23,2026-04-15,fadf0a2b-e0dc-44ba-ac50-4bfdedb5954c,2026-04-15T09:35:35.703286+00:00,2026-04-15T09:35:35.703286+00:00
040df079-0dda-4e10-9b1c-0cf8f8d543a3,d30dbf75-3c52-4cb3-989b-ed153a052d23,2026-04-15,18ff905f-48ee-4ef2-a2e5-2852d4860ced,2026-04-15T09:51:56.273388+00:00,2026-04-15T09:51:56.273388+00:00
baeaf20d-c036-4f78-824c-b1b985e42225,d30dbf75-3c52-4cb3-989b-ed153a052d23,2026-04-15,c04060ad-7320-4502-8af9-65ed61f04c2f,2026-04-16T09:26:19.527468+00:00,2026-04-16T09:26:19.527468+00:00
6feef9d3-ddbc-425f-a872-d141b3b71864,b7101e83-8512-4eea-ba50-0686b187a905,2026-04-16,fadf0a2b-e0dc-44ba-ac50-4bfdedb5954c,2026-04-16T10:20:06.834844+00:00,2026-04-16T10:20:06.834844+00:00
1bcdcd5d-a63d-4d45-8d37-b1bb38911103,55b5f9b2-f007-4bf5-93b9-d8bfaec755e6,2026-04-16,fadf0a2b-e0dc-44ba-ac50-4bfdedb5954c,2026-04-16T10:20:33.904371+00:00,2026-04-16T10:21:21.605272+00:00
a72ef40a-e5b8-4baf-891a-cea8eb931c3a,02e11ceb-483a-441c-a9e1-239b96c76e56,2026-04-16,fadf0a2b-e0dc-44ba-ac50-4bfdedb5954c,2026-04-16T10:21:49.063732+00:00,2026-04-16T10:21:49.063732+00:00
64f404a5-7716-4723-a7e5-42686fd6c8da,b7101e83-8512-4eea-ba50-0686b187a905,2026-04-16,18c67897-7c11-4254-b0b0-3a8bca680565,2026-04-16T10:30:08.861041+00:00,2026-04-16T10:30:08.861041+00:00
819f6a86-c37d-472e-83f6-0bf6b722e331,55b5f9b2-f007-4bf5-93b9-d8bfaec755e6,2026-04-16,18c67897-7c11-4254-b0b0-3a8bca680565,2026-04-16T10:30:21.423534+00:00,2026-04-16T10:30:21.423534+00:00
b36726fe-a4aa-4334-8a51-e9c54edd4d5e,02e11ceb-483a-441c-a9e1-239b96c76e56,2026-04-16,18c67897-7c11-4254-b0b0-3a8bca680565,2026-04-16T10:30:34.539126+00:00,2026-04-16T10:30:34.539126+00:00
74b8bbef-a590-4bd1-b332-f017767219d0,950b2537-83ff-448b-b4ee-a065b0c0a4d6,2026-04-18,df369b8b-7453-4969-bdf4-ea74471a2c2a,2026-04-18T09:11:59.008186+00:00,2026-04-18T09:11:59.008186+00:00
7d718010-ccaa-4864-9cd8-bde7403b660c,950b2537-83ff-448b-b4ee-a065b0c0a4d6,2026-04-18,18c67897-7c11-4254-b0b0-3a8bca680565,2026-04-18T09:32:20.737993+00:00,2026-04-18T09:32:20.737993+00:00
42223b65-185e-47d7-9815-478f0a560bae,4efa0cd2-4403-4252-9ec3-cf57bc61d453,2026-04-18,64854628-9637-4e3b-8405-56ae05096763,2026-04-18T09:59:42.649017+00:00,2026-04-18T09:59:42.649017+00:00
9442f2c1-1c96-49d5-95b3-5cee24fbd738,d94eb7e5-8931-4c45-88e6-4255cc33cbe6,2026-04-18,64854628-9637-4e3b-8405-56ae05096763,2026-04-18T09:59:51.274297+00:00,2026-04-18T09:59:51.274297+00:00
689955f3-0a3f-4bec-b4de-cd2f20fae325,950b2537-83ff-448b-b4ee-a065b0c0a4d6,2026-04-18,64854628-9637-4e3b-8405-56ae05096763,2026-04-18T10:00:02.519888+00:00,2026-04-18T10:00:02.519888+00:00
27eed90e-e3ec-4005-ae2d-9028cbe0218d,99160670-dda2-46de-9c30-47989504d715,2026-04-19,64854628-9637-4e3b-8405-56ae05096763,2026-04-19T01:28:33.807846+00:00,2026-04-19T01:28:33.807846+00:00
3c467f18-d2a8-4e32-a485-e2c1fd1bd928,99160670-dda2-46de-9c30-47989504d715,2026-04-19,18c67897-7c11-4254-b0b0-3a8bca680565,2026-04-19T02:06:12.46539+00:00,2026-04-19T02:06:12.46539+00:00
3b3eff64-fb8a-4dd5-9de1-34a81252e3cd,4efa0cd2-4403-4252-9ec3-cf57bc61d453,2026-04-18,fadf0a2b-e0dc-44ba-ac50-4bfdedb5954c,2026-04-19T02:06:30.721675+00:00,2026-04-19T02:06:48.08411+00:00
868765cc-92b7-488d-952c-b4106e7ad753,d94eb7e5-8931-4c45-88e6-4255cc33cbe6,2026-04-18,fadf0a2b-e0dc-44ba-ac50-4bfdedb5954c,2026-04-19T02:07:01.752109+00:00,2026-04-19T02:07:01.752109+00:00
fe199192-43d6-4a89-b49e-115d1cc8f69b,950b2537-83ff-448b-b4ee-a065b0c0a4d6,2026-04-18,fadf0a2b-e0dc-44ba-ac50-4bfdedb5954c,2026-04-19T02:07:21.713166+00:00,2026-04-19T02:07:21.713166+00:00
8a04d6bb-512c-402a-8d24-acc1f84ef7be,99160670-dda2-46de-9c30-47989504d715,2026-04-19,df369b8b-7453-4969-bdf4-ea74471a2c2a,2026-04-19T03:09:50.83928+00:00,2026-04-19T03:09:50.83928+00:00
176aeb90-2de4-4f1b-bb51-4e641fefe142,99160670-dda2-46de-9c30-47989504d715,2026-04-19,6339284f-fc94-49aa-9590-6e8d5850aedb,2026-04-19T03:39:24.979542+00:00,2026-04-19T03:39:24.979542+00:00
41b9d53c-bd67-4ce4-bd4c-d628097a5776,54b549c4-ec43-4846-b637-d80c1300e1f9,2026-04-19,64854628-9637-4e3b-8405-56ae05096763,2026-04-19T05:19:15.118871+00:00,2026-04-19T05:19:15.118871+00:00
33fe3d05-98f9-4eeb-8e66-206de35e7138,54b549c4-ec43-4846-b637-d80c1300e1f9,2026-04-19,a7f16768-e654-425f-ac56-77541f6331c4,2026-04-19T05:41:23.55828+00:00,2026-04-19T05:41:23.55828+00:00
386f7927-3848-4b21-8dd8-dbaf1d5d010b,99160670-dda2-46de-9c30-47989504d715,2026-04-19,a7f16768-e654-425f-ac56-77541f6331c4,2026-04-19T05:42:21.532004+00:00,2026-04-19T05:42:21.532004+00:00
95e9ee86-0e02-41fd-bf08-f7b548c19720,99160670-dda2-46de-9c30-47989504d715,2026-04-19,1d728c79-a31e-495f-8180-5cbf56a28fe9,2026-04-19T07:33:41.133696+00:00,2026-04-19T07:33:41.133696+00:00
1dfd6eca-5fd6-4ae9-971b-dd5c49a59a88,54b549c4-ec43-4846-b637-d80c1300e1f9,2026-04-19,1d728c79-a31e-495f-8180-5cbf56a28fe9,2026-04-19T07:33:51.598772+00:00,2026-04-19T07:33:51.598772+00:00
ebd924a2-7a12-4c1e-9615-17331a4954a2,54b549c4-ec43-4846-b637-d80c1300e1f9,2026-04-19,6339284f-fc94-49aa-9590-6e8d5850aedb,2026-04-19T09:45:54.133774+00:00,2026-04-19T09:45:54.133774+00:00
d32d37e9-58ba-48c8-88be-f84b94fe122a,e5877ead-4822-4337-bca6-8d160cced00a,2026-04-19,6339284f-fc94-49aa-9590-6e8d5850aedb,2026-04-19T09:46:21.509585+00:00,2026-04-19T09:46:21.509585+00:00
4cd1e8a2-4c0b-4760-b104-0fd4f3c1ea3a,e5877ead-4822-4337-bca6-8d160cced00a,2026-04-19,64854628-9637-4e3b-8405-56ae05096763,2026-04-19T09:51:56.352971+00:00,2026-04-19T09:51:56.352971+00:00
e82667bd-9314-4ad8-8936-9eb4be956b4c,99160670-dda2-46de-9c30-47989504d715,2026-04-19,fadf0a2b-e0dc-44ba-ac50-4bfdedb5954c,2026-04-19T02:07:42.913818+00:00,2026-04-19T11:47:07.02201+00:00
d53a1c45-32ab-456d-8f30-042bc175d7ff,54b549c4-ec43-4846-b637-d80c1300e1f9,2026-04-19,fadf0a2b-e0dc-44ba-ac50-4bfdedb5954c,2026-04-19T11:47:32.383992+00:00,2026-04-19T11:47:49.524091+00:00
2eac2a9a-5047-4ad1-8fc4-620232694583,e5877ead-4822-4337-bca6-8d160cced00a,2026-04-19,fadf0a2b-e0dc-44ba-ac50-4bfdedb5954c,2026-04-19T11:48:26.722482+00:00,2026-04-19T11:48:37.26753+00:00
0d99c049-07f6-4375-ba16-0a9326c03d7a,54b549c4-ec43-4846-b637-d80c1300e1f9,2026-04-19,c04060ad-7320-4502-8af9-65ed61f04c2f,2026-04-19T12:27:29.368788+00:00,2026-04-19T12:27:49.651863+00:00
0cd706c4-e817-4b27-a004-a5cac5afe1c0,99160670-dda2-46de-9c30-47989504d715,2026-04-19,c04060ad-7320-4502-8af9-65ed61f04c2f,2026-04-19T12:28:09.239317+00:00,2026-04-19T12:28:09.239317+00:00
dcf3df2c-5190-4a6b-8542-b1aebd125940,e5877ead-4822-4337-bca6-8d160cced00a,2026-04-19,c04060ad-7320-4502-8af9-65ed61f04c2f,2026-04-19T12:28:24.002502+00:00,2026-04-19T12:28:24.002502+00:00
793b4179-145e-43dc-9cb5-b073bafbcb00,54b549c4-ec43-4846-b637-d80c1300e1f9,2026-04-19,df369b8b-7453-4969-bdf4-ea74471a2c2a,2026-04-20T02:30:09.0481+00:00,2026-04-20T02:30:09.0481+00:00
6c515f34-5fa4-41e8-9256-0dc2b0bff94e,e5877ead-4822-4337-bca6-8d160cced00a,2026-04-19,df369b8b-7453-4969-bdf4-ea74471a2c2a,2026-04-20T02:30:27.345386+00:00,2026-04-20T02:30:27.345386+00:00
612c36fa-0bd9-4c64-a309-ce809754af5e,117532fd-4ea7-49a1-b705-46004ac95c42,2026-04-20,df369b8b-7453-4969-bdf4-ea74471a2c2a,2026-04-20T02:30:56.469645+00:00,2026-04-20T02:30:56.469645+00:00
5f83a2e7-1e89-493a-b811-10d7e8d0ee79,117532fd-4ea7-49a1-b705-46004ac95c42,2026-04-20,6339284f-fc94-49aa-9590-6e8d5850aedb,2026-04-20T02:38:09.524726+00:00,2026-04-20T02:38:09.524726+00:00
77b63afc-fe14-4923-8f96-aa0aa1e47d79,b881bedb-f002-4da1-9afd-8a957d1621db,2026-04-20,df369b8b-7453-4969-bdf4-ea74471a2c2a,2026-04-20T04:54:57.934906+00:00,2026-04-20T04:54:57.934906+00:00
fc322c0d-bcc8-41b7-a89f-608992b03e2d,117532fd-4ea7-49a1-b705-46004ac95c42,2026-04-20,fadf0a2b-e0dc-44ba-ac50-4bfdedb5954c,2026-04-20T05:03:55.653282+00:00,2026-04-20T05:06:46.11899+00:00
7bcd187f-3b60-4553-ad56-2e849b811f8b,b881bedb-f002-4da1-9afd-8a957d1621db,2026-04-20,fadf0a2b-e0dc-44ba-ac50-4bfdedb5954c,2026-04-20T05:04:14.194508+00:00,2026-04-20T05:06:56.814632+00:00
8d8b6afc-d817-4547-a76f-a598e88115ac,117532fd-4ea7-49a1-b705-46004ac95c42,2026-04-20,18ff905f-48ee-4ef2-a2e5-2852d4860ced,2026-04-20T05:13:58.157116+00:00,2026-04-20T05:13:58.157116+00:00
728a3edc-aced-40dd-9828-b243c7f4fb6d,b881bedb-f002-4da1-9afd-8a957d1621db,2026-04-20,18ff905f-48ee-4ef2-a2e5-2852d4860ced,2026-04-20T05:14:11.031803+00:00,2026-04-20T05:14:11.031803+00:00
4045d9a6-ddd8-4cc4-a5a0-113522c86b54,b881bedb-f002-4da1-9afd-8a957d1621db,2026-04-20,6339284f-fc94-49aa-9590-6e8d5850aedb,2026-04-20T06:05:44.091793+00:00,2026-04-20T06:05:44.091793+00:00
9d7ee2d0-5f51-4e20-a8ba-8c0e13c18da2,9484c1dc-9cf9-41c0-93a9-69caf5b4d577,2026-04-20,df369b8b-7453-4969-bdf4-ea74471a2c2a,2026-04-20T09:23:59.986192+00:00,2026-04-20T09:23:59.986192+00:00
a7854590-1d5d-4747-bb95-c7dd5d74e99a,9484c1dc-9cf9-41c0-93a9-69caf5b4d577,2026-04-20,18ff905f-48ee-4ef2-a2e5-2852d4860ced,2026-04-20T09:36:47.711546+00:00,2026-04-20T09:36:47.711546+00:00
55c6d61b-a2fe-4430-aeba-bd2fae56e4a7,117532fd-4ea7-49a1-b705-46004ac95c42,2026-04-20,64854628-9637-4e3b-8405-56ae05096763,2026-04-21T01:34:14.123802+00:00,2026-04-21T01:34:14.123802+00:00
eb2910b6-b835-4108-a610-03ff4d48c7b5,b881bedb-f002-4da1-9afd-8a957d1621db,2026-04-20,64854628-9637-4e3b-8405-56ae05096763,2026-04-21T01:34:22.460337+00:00,2026-04-21T01:34:22.460337+00:00
694c940a-0178-4597-97a3-aca5eeae0848,9484c1dc-9cf9-41c0-93a9-69caf5b4d577,2026-04-20,64854628-9637-4e3b-8405-56ae05096763,2026-04-21T01:34:32.706081+00:00,2026-04-21T01:34:32.706081+00:00
706ff5a5-d083-42d8-83a2-6bd28f2c2d02,dee6b79f-8bc5-4d09-a308-f057afc5ccc4,2026-04-21,64854628-9637-4e3b-8405-56ae05096763,2026-04-21T01:33:30.784509+00:00,2026-04-21T01:34:48.381696+00:00
170c8a65-3ba0-4b13-b60f-dd638a1585c9,dee6b79f-8bc5-4d09-a308-f057afc5ccc4,2026-04-21,6339284f-fc94-49aa-9590-6e8d5850aedb,2026-04-21T02:31:05.980616+00:00,2026-04-21T02:31:05.980616+00:00
7d12a464-8b91-4f29-b227-d5ceeee447b5,d659c1b0-3a5a-46d3-921b-5ac3ef53f170,2026-04-21,64854628-9637-4e3b-8405-56ae05096763,2026-04-21T04:53:39.204471+00:00,2026-04-21T04:53:39.204471+00:00
e4767588-fb69-4bd3-ae42-260032fd9129,dee6b79f-8bc5-4d09-a308-f057afc5ccc4,2026-04-21,18c67897-7c11-4254-b0b0-3a8bca680565,2026-04-21T04:55:50.812488+00:00,2026-04-21T04:55:50.812488+00:00
0fd5f499-684b-4555-8611-e9b64f3a2437,d659c1b0-3a5a-46d3-921b-5ac3ef53f170,2026-04-21,18c67897-7c11-4254-b0b0-3a8bca680565,2026-04-21T04:56:05.82647+00:00,2026-04-21T04:56:05.82647+00:00
3b5c30e2-0f6d-41bb-8507-b18dcd5c9ccc,d659c1b0-3a5a-46d3-921b-5ac3ef53f170,2026-04-21,6339284f-fc94-49aa-9590-6e8d5850aedb,2026-04-21T05:11:08.312943+00:00,2026-04-21T05:11:08.312943+00:00
55a63ec8-34fb-4fd5-927d-37d86cabb233,dee6b79f-8bc5-4d09-a308-f057afc5ccc4,2026-04-21,df369b8b-7453-4969-bdf4-ea74471a2c2a,2026-04-21T05:15:59.413926+00:00,2026-04-21T05:15:59.413926+00:00
2447f327-b9cf-41c9-8fde-49a547639ef3,d659c1b0-3a5a-46d3-921b-5ac3ef53f170,2026-04-21,df369b8b-7453-4969-bdf4-ea74471a2c2a,2026-04-21T05:16:08.077722+00:00,2026-04-21T05:16:08.077722+00:00
1ae9dd1d-6c1d-4255-aefe-bcde765a43a7,dee6b79f-8bc5-4d09-a308-f057afc5ccc4,2026-04-21,18ff905f-48ee-4ef2-a2e5-2852d4860ced,2026-04-21T05:45:33.07842+00:00,2026-04-21T05:45:33.07842+00:00
c3d12b18-07dc-4055-814e-da41e94d5704,d659c1b0-3a5a-46d3-921b-5ac3ef53f170,2026-04-21,18ff905f-48ee-4ef2-a2e5-2852d4860ced,2026-04-21T05:45:48.0825+00:00,2026-04-21T05:45:48.0825+00:00
f55fb6bd-b5b8-45df-97e5-48a7d345b31e,bb071d70-f7c6-44cc-b42d-a5f5e1171607,2026-04-21,64854628-9637-4e3b-8405-56ae05096763,2026-04-21T08:50:15.12877+00:00,2026-04-21T08:50:15.12877+00:00
83974fa8-2113-493a-a629-86651cd2ea2a,bb071d70-f7c6-44cc-b42d-a5f5e1171607,2026-04-21,18c67897-7c11-4254-b0b0-3a8bca680565,2026-04-21T09:05:43.40961+00:00,2026-04-21T09:05:43.40961+00:00
aa4a831f-2bf4-45e1-a843-e84e95f84406,bb071d70-f7c6-44cc-b42d-a5f5e1171607,2026-04-21,18ff905f-48ee-4ef2-a2e5-2852d4860ced,2026-04-21T09:15:44.858082+00:00,2026-04-21T09:15:44.858082+00:00
550b4fca-8214-459d-a669-010517a1fbc2,bb071d70-f7c6-44cc-b42d-a5f5e1171607,2026-04-21,6339284f-fc94-49aa-9590-6e8d5850aedb,2026-04-21T09:26:16.089087+00:00,2026-04-21T09:35:58.329254+00:00
457c2651-0346-4e20-91f3-c12d54b71334,bb071d70-f7c6-44cc-b42d-a5f5e1171607,2026-04-21,df369b8b-7453-4969-bdf4-ea74471a2c2a,2026-04-21T10:26:28.153311+00:00,2026-04-21T10:26:28.153311+00:00
9c3deeb5-4055-4529-a73b-2b7ce02f8cee,dee6b79f-8bc5-4d09-a308-f057afc5ccc4,2026-04-21,fadf0a2b-e0dc-44ba-ac50-4bfdedb5954c,2026-04-21T12:39:10.706862+00:00,2026-04-21T12:39:10.706862+00:00
38b0de9e-b37a-4f2c-9ccc-86074cc6fee6,d659c1b0-3a5a-46d3-921b-5ac3ef53f170,2026-04-21,fadf0a2b-e0dc-44ba-ac50-4bfdedb5954c,2026-04-21T12:39:22.78903+00:00,2026-04-21T12:39:22.78903+00:00
fb84329d-3b6d-441f-aee9-0be5cb1a8d28,bb071d70-f7c6-44cc-b42d-a5f5e1171607,2026-04-21,fadf0a2b-e0dc-44ba-ac50-4bfdedb5954c,2026-04-21T12:39:31.800399+00:00,2026-04-21T12:39:31.800399+00:00
277ffeb3-0ab3-48ab-988d-cb52a1701962,a7723192-a744-4772-a411-4ccdb705c0a4,2026-04-22,18c67897-7c11-4254-b0b0-3a8bca680565,2026-04-22T01:56:38.362611+00:00,2026-04-22T01:56:38.362611+00:00
a48c9617-3056-4ea2-9e37-1ba1e7e8fa39,a7723192-a744-4772-a411-4ccdb705c0a4,2026-04-22,6339284f-fc94-49aa-9590-6e8d5850aedb,2026-04-22T01:58:51.412023+00:00,2026-04-22T01:58:51.412023+00:00
4ce4374f-2dba-4454-ba5a-0353ac5e2579,a7723192-a744-4772-a411-4ccdb705c0a4,2026-04-22,df369b8b-7453-4969-bdf4-ea74471a2c2a,2026-04-22T02:11:50.073477+00:00,2026-04-22T02:11:50.073477+00:00
3b67952d-88ef-41a7-8046-7a4098d34a88,e6eff2c2-c42d-4277-91a1-b6bc20d06bfa,2026-04-22,df369b8b-7453-4969-bdf4-ea74471a2c2a,2026-04-22T05:21:57.199705+00:00,2026-04-22T05:21:57.199705+00:00
c8b5b847-343e-4e9f-a041-b8288703854a,e6eff2c2-c42d-4277-91a1-b6bc20d06bfa,2026-04-22,18c67897-7c11-4254-b0b0-3a8bca680565,2026-04-22T09:07:46.051562+00:00,2026-04-22T09:07:46.051562+00:00
cdd70ac2-bdf2-4a93-98ed-07cb35898893,d30dbf75-3c52-4cb3-989b-ed153a052d23,2026-04-22,18c67897-7c11-4254-b0b0-3a8bca680565,2026-04-22T09:07:55.508578+00:00,2026-04-22T09:07:55.508578+00:00
acff9068-5d04-43fa-a778-cd484c02e90e,d30dbf75-3c52-4cb3-989b-ed153a052d23,2026-04-22,df369b8b-7453-4969-bdf4-ea74471a2c2a,2026-04-22T09:46:32.696066+00:00,2026-04-22T09:46:32.696066+00:00
462888a3-2557-46fd-b7bf-24fd03f71de5,e6eff2c2-c42d-4277-91a1-b6bc20d06bfa,2026-04-22,6339284f-fc94-49aa-9590-6e8d5850aedb,2026-04-22T15:34:44.507854+00:00,2026-04-22T15:34:44.507854+00:00
e9466985-8dce-45f7-b7a1-128df7f62537,d30dbf75-3c52-4cb3-989b-ed153a052d23,2026-04-22,6339284f-fc94-49aa-9590-6e8d5850aedb,2026-04-22T15:34:54.610346+00:00,2026-04-22T15:34:54.610346+00:00
c195c01a-b5a5-4df0-92b6-03cffe9188ca,a7723192-a744-4772-a411-4ccdb705c0a4,2026-04-22,64854628-9637-4e3b-8405-56ae05096763,2026-04-22T15:47:25.487974+00:00,2026-04-22T15:47:25.487974+00:00
603d02a4-2349-4b9f-8949-9bc648463812,e6eff2c2-c42d-4277-91a1-b6bc20d06bfa,2026-04-22,64854628-9637-4e3b-8405-56ae05096763,2026-04-22T15:47:32.843874+00:00,2026-04-22T15:47:32.843874+00:00
3d2f1f2d-fc66-42b5-b60e-7cadab1e3808,d30dbf75-3c52-4cb3-989b-ed153a052d23,2026-04-22,64854628-9637-4e3b-8405-56ae05096763,2026-04-22T15:47:39.921099+00:00,2026-04-22T15:47:39.921099+00:00
fe5f4d9f-e22b-465c-960f-b01459aed8d6,b7101e83-8512-4eea-ba50-0686b187a905,2026-04-23,18c67897-7c11-4254-b0b0-3a8bca680565,2026-04-23T01:46:13.464538+00:00,2026-04-23T01:46:13.464538+00:00
ac7ab235-a18c-4de5-9428-93f0c77babb1,b7101e83-8512-4eea-ba50-0686b187a905,2026-04-23,18ff905f-48ee-4ef2-a2e5-2852d4860ced,2026-04-23T01:56:57.452983+00:00,2026-04-23T01:56:57.452983+00:00
59791bde-87d9-47e4-93df-f9c4d3939a43,b7101e83-8512-4eea-ba50-0686b187a905,2026-04-23,df369b8b-7453-4969-bdf4-ea74471a2c2a,2026-04-23T01:57:14.81267+00:00,2026-04-23T01:57:14.81267+00:00
dd72d185-c257-49c7-ba96-bc6e351412ee,a7723192-a744-4772-a411-4ccdb705c0a4,2026-04-22,18ff905f-48ee-4ef2-a2e5-2852d4860ced,2026-04-23T01:57:23.638326+00:00,2026-04-23T01:57:23.638326+00:00
ec7f48c8-b78d-45c6-8be8-86a285a0d639,e6eff2c2-c42d-4277-91a1-b6bc20d06bfa,2026-04-22,18ff905f-48ee-4ef2-a2e5-2852d4860ced,2026-04-23T01:57:38.107079+00:00,2026-04-23T01:57:38.107079+00:00
bfe930f9-7ae4-44a1-8342-84f731a725f4,d30dbf75-3c52-4cb3-989b-ed153a052d23,2026-04-22,18ff905f-48ee-4ef2-a2e5-2852d4860ced,2026-04-23T01:57:48.575574+00:00,2026-04-23T01:57:48.575574+00:00
a5dfced1-828d-4735-9b58-9f2ede8a1700,b7101e83-8512-4eea-ba50-0686b187a905,2026-04-23,6339284f-fc94-49aa-9590-6e8d5850aedb,2026-04-23T02:04:36.948882+00:00,2026-04-23T02:13:33.852192+00:00
c10f3771-0a29-4544-862b-fe5076e59df8,55b5f9b2-f007-4bf5-93b9-d8bfaec755e6,2026-04-23,6339284f-fc94-49aa-9590-6e8d5850aedb,2026-04-23T05:19:43.105775+00:00,2026-04-23T05:19:43.105775+00:00
9d42d97b-c2f1-4453-a000-ea91832a63ad,b7101e83-8512-4eea-ba50-0686b187a905,2026-04-23,c04060ad-7320-4502-8af9-65ed61f04c2f,2026-04-23T05:29:35.655967+00:00,2026-04-23T05:29:35.655967+00:00
c8dbc563-ab39-41d5-958c-4740fcf2aae0,55b5f9b2-f007-4bf5-93b9-d8bfaec755e6,2026-04-23,c04060ad-7320-4502-8af9-65ed61f04c2f,2026-04-23T05:29:50.391499+00:00,2026-04-23T05:29:50.391499+00:00
0bcd41ab-d324-4ab4-a0fc-09cefaf335b4,55b5f9b2-f007-4bf5-93b9-d8bfaec755e6,2026-04-23,df369b8b-7453-4969-bdf4-ea74471a2c2a,2026-04-23T05:56:28.609599+00:00,2026-04-23T05:56:28.609599+00:00
8ea77e72-b82b-4a27-a12f-8876ee6c8e2e,55b5f9b2-f007-4bf5-93b9-d8bfaec755e6,2026-04-23,18ff905f-48ee-4ef2-a2e5-2852d4860ced,2026-04-23T06:03:31.915426+00:00,2026-04-23T06:03:31.915426+00:00
40bbe71f-92f3-4c9b-9557-2d0f7465d5bd,02e11ceb-483a-441c-a9e1-239b96c76e56,2026-04-23,18ff905f-48ee-4ef2-a2e5-2852d4860ced,2026-04-23T08:54:03.190357+00:00,2026-04-23T08:54:03.190357+00:00
be21c2da-918d-4b9e-b476-b8258919eab0,02e11ceb-483a-441c-a9e1-239b96c76e56,2026-04-23,df369b8b-7453-4969-bdf4-ea74471a2c2a,2026-04-23T09:49:37.244241+00:00,2026-04-23T09:49:37.244241+00:00
aa653468-7d16-4976-ac41-5a1ea35a03ee,4efa0cd2-4403-4252-9ec3-cf57bc61d453,2026-04-25,6339284f-fc94-49aa-9590-6e8d5850aedb,2026-04-25T02:19:13.99475+00:00,2026-04-25T02:19:13.99475+00:00
1d24f40b-75fe-4dce-8978-8193eb1f60c3,d94eb7e5-8931-4c45-88e6-4255cc33cbe6,2026-04-25,6339284f-fc94-49aa-9590-6e8d5850aedb,2026-04-25T05:50:29.65044+00:00,2026-04-25T05:50:29.65044+00:00
c1d9d128-159f-40de-af7c-50683aa0dcad,4efa0cd2-4403-4252-9ec3-cf57bc61d453,2026-04-25,df369b8b-7453-4969-bdf4-ea74471a2c2a,2026-04-25T06:09:48.295297+00:00,2026-04-25T06:09:48.295297+00:00
dcc6e199-ae6b-4f36-9e41-b0b92d149404,d94eb7e5-8931-4c45-88e6-4255cc33cbe6,2026-04-25,df369b8b-7453-4969-bdf4-ea74471a2c2a,2026-04-25T06:09:56.309336+00:00,2026-04-25T06:09:56.309336+00:00
bb0b267e-8cb7-4ff4-a0c5-7394c1149c61,950b2537-83ff-448b-b4ee-a065b0c0a4d6,2026-04-25,6339284f-fc94-49aa-9590-6e8d5850aedb,2026-04-25T09:28:12.242538+00:00,2026-04-25T09:28:12.242538+00:00
ca1148f0-48cc-433d-a410-bb1632726948,4efa0cd2-4403-4252-9ec3-cf57bc61d453,2026-04-25,18c67897-7c11-4254-b0b0-3a8bca680565,2026-04-25T09:47:12.971829+00:00,2026-04-25T09:47:12.971829+00:00
b1634765-865a-4d13-8938-2e61cfe2f02a,d94eb7e5-8931-4c45-88e6-4255cc33cbe6,2026-04-25,18c67897-7c11-4254-b0b0-3a8bca680565,2026-04-25T09:47:26.637173+00:00,2026-04-25T09:47:26.637173+00:00
4b1b5e9f-50e1-4349-9fe4-cf2db483da7c,950b2537-83ff-448b-b4ee-a065b0c0a4d6,2026-04-25,18c67897-7c11-4254-b0b0-3a8bca680565,2026-04-25T09:47:39.101381+00:00,2026-04-25T09:47:39.101381+00:00
e0e9e9fc-dce5-43cc-b565-a2c1a9a2e8a6,950b2537-83ff-448b-b4ee-a065b0c0a4d6,2026-04-25,df369b8b-7453-4969-bdf4-ea74471a2c2a,2026-04-25T10:23:49.956464+00:00,2026-04-25T10:23:49.956464+00:00
c95d4057-9f7f-49d1-82f6-e28e22f142ef,4efa0cd2-4403-4252-9ec3-cf57bc61d453,2026-04-25,64854628-9637-4e3b-8405-56ae05096763,2026-04-25T10:32:49.371601+00:00,2026-04-25T10:32:49.371601+00:00
993aa31b-4e03-4f96-86f3-f41440f572a3,d94eb7e5-8931-4c45-88e6-4255cc33cbe6,2026-04-25,64854628-9637-4e3b-8405-56ae05096763,2026-04-25T10:32:57.989747+00:00,2026-04-25T10:32:57.989747+00:00
b1ef7e93-6c7d-4ac1-b027-b147a38699e8,950b2537-83ff-448b-b4ee-a065b0c0a4d6,2026-04-25,64854628-9637-4e3b-8405-56ae05096763,2026-04-25T10:33:06.958241+00:00,2026-04-25T10:33:06.958241+00:00
3e2063c8-dc06-469f-848e-453cad8d7333,4efa0cd2-4403-4252-9ec3-cf57bc61d453,2026-04-25,18ff905f-48ee-4ef2-a2e5-2852d4860ced,2026-04-25T15:48:29.523056+00:00,2026-04-25T15:48:29.523056+00:00
483863d9-bae9-439f-83cc-791528d40915,d94eb7e5-8931-4c45-88e6-4255cc33cbe6,2026-04-25,18ff905f-48ee-4ef2-a2e5-2852d4860ced,2026-04-25T15:48:39.455536+00:00,2026-04-25T15:48:39.455536+00:00
102444fe-2b0f-42d6-ad60-d924bfba4f70,950b2537-83ff-448b-b4ee-a065b0c0a4d6,2026-04-25,18ff905f-48ee-4ef2-a2e5-2852d4860ced,2026-04-25T15:48:48.82803+00:00,2026-04-25T15:48:48.82803+00:00
d53d2761-c2e9-4027-b0ef-50831c29e36a,4efa0cd2-4403-4252-9ec3-cf57bc61d453,2026-04-25,c04060ad-7320-4502-8af9-65ed61f04c2f,2026-04-25T15:49:15.112873+00:00,2026-04-25T15:49:15.112873+00:00
c5eda6a5-d7da-4c2f-aa53-f0cc95922edf,d94eb7e5-8931-4c45-88e6-4255cc33cbe6,2026-04-25,c04060ad-7320-4502-8af9-65ed61f04c2f,2026-04-25T15:49:26.515074+00:00,2026-04-25T15:49:26.515074+00:00
fd01d757-0944-4eb9-950c-5eeaa099e09d,950b2537-83ff-448b-b4ee-a065b0c0a4d6,2026-04-25,c04060ad-7320-4502-8af9-65ed61f04c2f,2026-04-25T15:49:39.852727+00:00,2026-04-25T15:49:39.852727+00:00
45bd190a-1f3b-41da-b104-aa4be87087c1,99160670-dda2-46de-9c30-47989504d715,2026-04-26,18ff905f-48ee-4ef2-a2e5-2852d4860ced,2026-04-26T01:44:04.252851+00:00,2026-04-26T01:44:04.252851+00:00
432028ad-6fba-47d7-bbc9-9540aada76c3,99160670-dda2-46de-9c30-47989504d715,2026-04-26,df369b8b-7453-4969-bdf4-ea74471a2c2a,2026-04-26T02:04:17.011487+00:00,2026-04-26T02:36:13.301026+00:00
1c6addd7-6bb9-405d-8732-9a6aaecd7983,99160670-dda2-46de-9c30-47989504d715,2026-04-26,18c67897-7c11-4254-b0b0-3a8bca680565,2026-04-26T03:06:22.628936+00:00,2026-04-26T03:06:22.628936+00:00
b5432337-7248-435e-954c-bb9b24c00849,117532fd-4ea7-49a1-b705-46004ac95c42,2026-04-27,64854628-9637-4e3b-8405-56ae05096763,2026-04-27T01:33:45.352048+00:00,2026-04-27T01:33:45.352048+00:00
8c974499-e005-4807-8c95-3ef7bf083cd2,117532fd-4ea7-49a1-b705-46004ac95c42,2026-04-27,6339284f-fc94-49aa-9590-6e8d5850aedb,2026-04-27T02:00:24.856187+00:00,2026-04-27T02:00:24.856187+00:00
f78cdf58-17cb-4fb5-9063-fb3aef28bfcc,117532fd-4ea7-49a1-b705-46004ac95c42,2026-04-27,df369b8b-7453-4969-bdf4-ea74471a2c2a,2026-04-27T02:31:02.719533+00:00,2026-04-27T02:31:02.719533+00:00
5a195827-a401-456c-8d3e-8d1295a0ba34,99160670-dda2-46de-9c30-47989504d715,2026-04-26,6339284f-fc94-49aa-9590-6e8d5850aedb,2026-04-26T01:47:08.363953+00:00,2026-04-27T03:27:40.115053+00:00
a6c8b851-054c-408e-9f7d-24edec8d04ba,54b549c4-ec43-4846-b637-d80c1300e1f9,2026-04-26,6339284f-fc94-49aa-9590-6e8d5850aedb,2026-04-27T03:27:59.366709+00:00,2026-04-27T03:27:59.366709+00:00
44240835-ef21-40d7-94d1-a5f8facfd39b,e5877ead-4822-4337-bca6-8d160cced00a,2026-04-26,6339284f-fc94-49aa-9590-6e8d5850aedb,2026-04-27T03:28:15.574824+00:00,2026-04-27T03:28:15.574824+00:00
28cfd649-b32a-41d5-8091-8bd90b12ded2,117532fd-4ea7-49a1-b705-46004ac95c42,2026-04-27,18c67897-7c11-4254-b0b0-3a8bca680565,2026-04-27T03:50:27.524466+00:00,2026-04-27T03:50:27.524466+00:00
929ebcb9-3598-47dd-98e1-6109ef498036,54b549c4-ec43-4846-b637-d80c1300e1f9,2026-04-26,18c67897-7c11-4254-b0b0-3a8bca680565,2026-04-27T03:50:45.403488+00:00,2026-04-27T03:50:45.403488+00:00
1994c014-67cb-451b-8cc2-3c56b81ae13e,e5877ead-4822-4337-bca6-8d160cced00a,2026-04-26,18c67897-7c11-4254-b0b0-3a8bca680565,2026-04-27T03:50:55.75348+00:00,2026-04-27T03:50:55.75348+00:00
eed56d4f-b0b6-465f-a84d-5e4a6ca483eb,b881bedb-f002-4da1-9afd-8a957d1621db,2026-04-27,6339284f-fc94-49aa-9590-6e8d5850aedb,2026-04-27T05:02:32.07668+00:00,2026-04-27T05:02:32.07668+00:00
2270f157-499d-495f-adb4-6849199737b0,b881bedb-f002-4da1-9afd-8a957d1621db,2026-04-27,df369b8b-7453-4969-bdf4-ea74471a2c2a,2026-04-27T05:32:50.205042+00:00,2026-04-27T05:32:50.205042+00:00
454813d8-dae4-4416-b995-884e326cd6f0,54b549c4-ec43-4846-b637-d80c1300e1f9,2026-04-26,df369b8b-7453-4969-bdf4-ea74471a2c2a,2026-04-27T05:52:29.150702+00:00,2026-04-27T05:52:29.150702+00:00
be7bde36-81d6-4d88-b7bc-cab7f580bb99,e5877ead-4822-4337-bca6-8d160cced00a,2026-04-26,df369b8b-7453-4969-bdf4-ea74471a2c2a,2026-04-27T05:52:57.317328+00:00,2026-04-27T05:52:57.317328+00:00
502b48df-21d3-45f9-9608-7c326b71c075,117532fd-4ea7-49a1-b705-46004ac95c42,2026-04-27,c04060ad-7320-4502-8af9-65ed61f04c2f,2026-04-27T09:01:09.893134+00:00,2026-04-27T09:01:09.893134+00:00
7f990c47-4ab2-4baa-91ad-ca4af2e85ced,b881bedb-f002-4da1-9afd-8a957d1621db,2026-04-27,c04060ad-7320-4502-8af9-65ed61f04c2f,2026-04-27T09:01:24.544797+00:00,2026-04-27T09:01:24.544797+00:00
a7edd176-1701-48a8-a424-989d5353a06e,9484c1dc-9cf9-41c0-93a9-69caf5b4d577,2026-04-27,c04060ad-7320-4502-8af9-65ed61f04c2f,2026-04-27T09:01:47.588572+00:00,2026-04-27T09:01:47.588572+00:00
f7942df6-e645-44b7-99fc-e8bb582c609d,9484c1dc-9cf9-41c0-93a9-69caf5b4d577,2026-04-27,6339284f-fc94-49aa-9590-6e8d5850aedb,2026-04-27T09:21:35.967981+00:00,2026-04-27T09:21:35.967981+00:00
338fadc8-06eb-4dfc-81e2-fcc0dd374e29,117532fd-4ea7-49a1-b705-46004ac95c42,2026-04-27,fadf0a2b-e0dc-44ba-ac50-4bfdedb5954c,2026-04-27T12:27:07.328865+00:00,2026-04-27T12:27:07.328865+00:00
be961f4b-f75a-4e76-a99e-431f2aacf913,b881bedb-f002-4da1-9afd-8a957d1621db,2026-04-27,fadf0a2b-e0dc-44ba-ac50-4bfdedb5954c,2026-04-27T12:27:15.152425+00:00,2026-04-27T12:27:15.152425+00:00
4e12ff55-6f52-4803-9f5d-93f43c884b19,9484c1dc-9cf9-41c0-93a9-69caf5b4d577,2026-04-27,fadf0a2b-e0dc-44ba-ac50-4bfdedb5954c,2026-04-27T12:27:24.70023+00:00,2026-04-27T12:27:24.70023+00:00
8c86e6b6-7930-420a-b18a-81c79762a87e,b881bedb-f002-4da1-9afd-8a957d1621db,2026-04-27,64854628-9637-4e3b-8405-56ae05096763,2026-04-28T01:20:39.705833+00:00,2026-04-28T01:20:39.705833+00:00
f0eda44b-e6ed-4e0e-bac3-d832631b6370,9484c1dc-9cf9-41c0-93a9-69caf5b4d577,2026-04-27,64854628-9637-4e3b-8405-56ae05096763,2026-04-28T01:20:47.375907+00:00,2026-04-28T01:20:47.375907+00:00
0b853be7-2315-4443-a299-143375597c0a,dee6b79f-8bc5-4d09-a308-f057afc5ccc4,2026-04-28,64854628-9637-4e3b-8405-56ae05096763,2026-04-28T01:27:11.138076+00:00,2026-04-28T01:27:11.138076+00:00
84fc5be4-a433-4583-bf30-5342d4ff126a,dee6b79f-8bc5-4d09-a308-f057afc5ccc4,2026-04-28,6339284f-fc94-49aa-9590-6e8d5850aedb,2026-04-28T01:54:16.22029+00:00,2026-04-28T01:54:16.22029+00:00
2677af79-fd2e-4d6f-8ba1-be7525a923d5,dee6b79f-8bc5-4d09-a308-f057afc5ccc4,2026-04-28,c04060ad-7320-4502-8af9-65ed61f04c2f,2026-04-28T01:58:50.705421+00:00,2026-04-28T01:58:50.705421+00:00
7aac2e95-47e0-4acc-9625-12f64a91bf72,d659c1b0-3a5a-46d3-921b-5ac3ef53f170,2026-04-28,6339284f-fc94-49aa-9590-6e8d5850aedb,2026-04-28T05:15:59.210214+00:00,2026-04-28T05:15:59.210214+00:00
33f390d9-6b20-4849-b949-04e32b0c8230,d659c1b0-3a5a-46d3-921b-5ac3ef53f170,2026-04-28,64854628-9637-4e3b-8405-56ae05096763,2026-04-28T05:32:26.345352+00:00,2026-04-28T05:32:26.345352+00:00
64596553-948c-412a-bc44-845a91ddfaf5,dee6b79f-8bc5-4d09-a308-f057afc5ccc4,2026-04-28,1d728c79-a31e-495f-8180-5cbf56a28fe9,2026-04-28T06:14:05.067787+00:00,2026-04-28T06:14:05.067787+00:00
683fceaa-cd84-4e3e-9a67-7e8683cff07b,dee6b79f-8bc5-4d09-a308-f057afc5ccc4,2026-04-28,18ff905f-48ee-4ef2-a2e5-2852d4860ced,2026-04-28T06:23:31.748518+00:00,2026-04-28T06:23:31.748518+00:00
d425ceb5-1c06-44b4-a021-b9550c0c3afe,d659c1b0-3a5a-46d3-921b-5ac3ef53f170,2026-04-28,18ff905f-48ee-4ef2-a2e5-2852d4860ced,2026-04-28T06:23:40.345307+00:00,2026-04-28T06:23:40.345307+00:00
c0fc122d-218a-4d05-94da-4ec4ecf1e947,dee6b79f-8bc5-4d09-a308-f057afc5ccc4,2026-04-28,fadf0a2b-e0dc-44ba-ac50-4bfdedb5954c,2026-04-28T09:10:16.226378+00:00,2026-04-28T09:10:16.226378+00:00
8d8c4947-4691-4ede-b972-47b7661d13eb,d659c1b0-3a5a-46d3-921b-5ac3ef53f170,2026-04-28,fadf0a2b-e0dc-44ba-ac50-4bfdedb5954c,2026-04-28T09:10:27.135993+00:00,2026-04-28T09:10:27.135993+00:00
bc131ced-f81c-490b-a03e-990858c1621b,bb071d70-f7c6-44cc-b42d-a5f5e1171607,2026-04-28,fadf0a2b-e0dc-44ba-ac50-4bfdedb5954c,2026-04-28T09:10:42.701268+00:00,2026-04-28T09:11:02.787967+00:00
6a613183-247d-48cc-afdc-caded41d1981,bb071d70-f7c6-44cc-b42d-a5f5e1171607,2026-04-28,6339284f-fc94-49aa-9590-6e8d5850aedb,2026-04-28T09:06:08.991321+00:00,2026-04-28T09:14:03.287822+00:00
3284ed63-e2fc-44ab-a3cb-77d03cb04e48,bb071d70-f7c6-44cc-b42d-a5f5e1171607,2026-04-28,64854628-9637-4e3b-8405-56ae05096763,2026-04-28T09:42:13.323476+00:00,2026-04-28T09:42:13.323476+00:00
f4f19304-0baa-4e49-b81c-0dbe28558c7b,9484c1dc-9cf9-41c0-93a9-69caf5b4d577,2026-04-27,df369b8b-7453-4969-bdf4-ea74471a2c2a,2026-04-28T10:03:36.87846+00:00,2026-04-28T10:03:36.87846+00:00
aada6845-cb94-466a-9b8a-0de0b9f13cbb,dee6b79f-8bc5-4d09-a308-f057afc5ccc4,2026-04-28,df369b8b-7453-4969-bdf4-ea74471a2c2a,2026-04-28T10:03:54.310098+00:00,2026-04-28T10:03:54.310098+00:00
fa1572a3-d98f-4bb1-be8f-db11897ea62a,bb071d70-f7c6-44cc-b42d-a5f5e1171607,2026-04-28,df369b8b-7453-4969-bdf4-ea74471a2c2a,2026-04-28T10:06:52.132578+00:00,2026-04-28T10:06:52.132578+00:00
ea565f2b-da22-406c-9f72-8c741449ec57,d659c1b0-3a5a-46d3-921b-5ac3ef53f170,2026-04-28,df369b8b-7453-4969-bdf4-ea74471a2c2a,2026-04-28T10:07:03.107039+00:00,2026-04-28T10:07:03.107039+00:00
2c5f02f4-bcc5-4a78-9b9b-8c50b39bf6cb,a7723192-a744-4772-a411-4ccdb705c0a4,2026-04-29,64854628-9637-4e3b-8405-56ae05096763,2026-04-29T01:11:41.334557+00:00,2026-04-29T01:11:41.334557+00:00
d0ab9594-d0ea-45c1-98ba-ad5b1630eeb2,a7723192-a744-4772-a411-4ccdb705c0a4,2026-04-29,18ff905f-48ee-4ef2-a2e5-2852d4860ced,2026-04-29T01:32:51.553406+00:00,2026-04-29T01:32:51.553406+00:00
0c6d7222-95f3-4bf9-bd61-765fd45e0fdf,a7723192-a744-4772-a411-4ccdb705c0a4,2026-04-29,18c67897-7c11-4254-b0b0-3a8bca680565,2026-04-29T01:45:34.828912+00:00,2026-04-29T01:45:34.828912+00:00
7858f1f3-9d38-4bcb-99e7-a4e96e5165ae,dee6b79f-8bc5-4d09-a308-f057afc5ccc4,2026-04-28,18c67897-7c11-4254-b0b0-3a8bca680565,2026-04-29T01:45:48.341534+00:00,2026-04-29T01:45:48.341534+00:00
05bd7b48-3845-4b84-a76a-f609d9a892a6,d659c1b0-3a5a-46d3-921b-5ac3ef53f170,2026-04-28,18c67897-7c11-4254-b0b0-3a8bca680565,2026-04-29T01:46:01.214901+00:00,2026-04-29T01:46:01.214901+00:00
34be0f0f-a261-427c-9670-a8e95e0cee93,bb071d70-f7c6-44cc-b42d-a5f5e1171607,2026-04-28,18c67897-7c11-4254-b0b0-3a8bca680565,2026-04-29T01:46:13.110136+00:00,2026-04-29T01:46:13.110136+00:00
ee544e64-d5c2-48a4-9431-1e49c7296c7e,a7723192-a744-4772-a411-4ccdb705c0a4,2026-04-29,6339284f-fc94-49aa-9590-6e8d5850aedb,2026-04-29T02:13:14.992841+00:00,2026-04-29T02:13:14.992841+00:00
9cd77b1e-32e7-482f-84cf-5618a3d43a9e,a7723192-a744-4772-a411-4ccdb705c0a4,2026-04-29,df369b8b-7453-4969-bdf4-ea74471a2c2a,2026-04-29T02:51:33.601512+00:00,2026-04-29T02:51:33.601512+00:00
fb2be007-ec5c-43fa-8b72-46758c1d5eb7,a7723192-a744-4772-a411-4ccdb705c0a4,2026-04-29,fadf0a2b-e0dc-44ba-ac50-4bfdedb5954c,2026-04-29T04:34:38.835844+00:00,2026-04-29T04:34:38.835844+00:00
7d457e39-100a-4f0e-84fa-793a8542c486,e6eff2c2-c42d-4277-91a1-b6bc20d06bfa,2026-04-29,fadf0a2b-e0dc-44ba-ac50-4bfdedb5954c,2026-04-29T04:34:49.620492+00:00,2026-04-29T04:34:49.620492+00:00
a285ba3a-f6d5-4d1c-befc-591511e1b977,e6eff2c2-c42d-4277-91a1-b6bc20d06bfa,2026-04-29,6339284f-fc94-49aa-9590-6e8d5850aedb,2026-04-29T04:59:07.444474+00:00,2026-04-29T04:59:07.444474+00:00
af84ec5e-004a-40bc-bef6-71b8199d0cf5,e6eff2c2-c42d-4277-91a1-b6bc20d06bfa,2026-04-29,18c67897-7c11-4254-b0b0-3a8bca680565,2026-04-29T05:26:20.621075+00:00,2026-04-29T05:26:20.621075+00:00
a1876f3f-4d54-4f2f-9433-6bea70c92ffc,e6eff2c2-c42d-4277-91a1-b6bc20d06bfa,2026-04-29,64854628-9637-4e3b-8405-56ae05096763,2026-04-29T06:03:04.096209+00:00,2026-04-29T06:03:04.096209+00:00
783ba5f2-c058-4a92-9f31-724098bfca72,e6eff2c2-c42d-4277-91a1-b6bc20d06bfa,2026-04-29,df369b8b-7453-4969-bdf4-ea74471a2c2a,2026-04-29T08:44:09.254214+00:00,2026-04-29T08:44:09.254214+00:00
01410a94-e587-4483-9174-02c69e1bd501,d30dbf75-3c52-4cb3-989b-ed153a052d23,2026-04-29,6339284f-fc94-49aa-9590-6e8d5850aedb,2026-04-29T08:55:43.257736+00:00,2026-04-29T09:31:07.447569+00:00
b77100e4-5ca6-4f51-be14-c07ebd22321c,d30dbf75-3c52-4cb3-989b-ed153a052d23,2026-04-29,df369b8b-7453-4969-bdf4-ea74471a2c2a,2026-04-29T08:44:27.981859+00:00,2026-04-29T09:56:59.774786+00:00
acdebee7-7cc0-410a-b38c-8e4cbfcdac47,55b5f9b2-f007-4bf5-93b9-d8bfaec755e6,2026-04-30,18c67897-7c11-4254-b0b0-3a8bca680565,2026-04-30T09:09:48.750882+00:00,2026-04-30T09:09:48.750882+00:00
0b57faeb-f5e5-4b60-b08b-ea6a87d68cfc,02e11ceb-483a-441c-a9e1-239b96c76e56,2026-04-30,18c67897-7c11-4254-b0b0-3a8bca680565,2026-04-30T10:05:09.216425+00:00,2026-04-30T10:05:09.216425+00:00
58cd7844-896b-4aef-a866-b7cc61d9884f,b7101e83-8512-4eea-ba50-0686b187a905,2026-04-30,18c67897-7c11-4254-b0b0-3a8bca680565,2026-04-30T10:05:41.727282+00:00,2026-04-30T10:05:41.727282+00:00
1e94bab7-2cab-4eaa-babe-e76a70f6f689,b7101e83-8512-4eea-ba50-0686b187a905,2026-04-30,fadf0a2b-e0dc-44ba-ac50-4bfdedb5954c,2026-04-30T10:51:28.728431+00:00,2026-04-30T10:51:28.728431+00:00
b710167f-2a3b-49d3-b7c9-bb310d21c8b0,55b5f9b2-f007-4bf5-93b9-d8bfaec755e6,2026-04-30,fadf0a2b-e0dc-44ba-ac50-4bfdedb5954c,2026-04-30T10:51:39.804979+00:00,2026-04-30T10:51:39.804979+00:00
3f2907f4-58a8-45ec-9742-652717c63a81,02e11ceb-483a-441c-a9e1-239b96c76e56,2026-04-30,fadf0a2b-e0dc-44ba-ac50-4bfdedb5954c,2026-04-30T10:51:50.082327+00:00,2026-04-30T10:51:50.082327+00:00